Term,Company_Name,Last Sale,Net Change,% Change,Market Cap,Country,IPO Year,Volume,Sector,Industry,Frequency
AAL,American Airlines Group Inc. Common Stock,$22.06,0.62,2.89%,14111248148,United States,,23696200,Transportation,Air Freight/Delivery Services,14
AAPL,Apple Inc. Common Stock,$124.00,-1.1179,-0.89%,2149866568414,United States,1980,44402935,Technology,Computer Manufacturing,6
ADN,Advent Technologies Holdings Inc. Class A Common Stock,$15.34,0.2,1.32%,313522111,United States,2018,195689,Miscellaneous,Industrial Machinery/Components,1
AESE,Allied Esports Entertainment Inc. Common Stock,$2.81,0.4,16.60%,109982001,United States,2017,8571862,Consumer Services,Services-Misc. Amusement & Recreation,1
AMD,Advanced Micro Devices Inc. Common Stock,$83.00,-1.13,-1.34%,100539956906,United States,,18968968,Technology,Semiconductors,5
AMRS,Amyris Inc. Common Stock,$19.25,-0.7,-3.51%,4831911508,United States,2010,4011304,Basic Industries,Major Chemicals,2
ANY,Sphere 3D Corp. Common Shares,$2.47,-0.08,-3.14%,19431949,Canada,,174893,Technology,EDP Services,1
API,Agora Inc. American Depositary Shares,$63.66,2.96,4.88%,25266522160,China,2020,746629,Technology,Computer Software: Prepackaged Software,2
APR,Apria Inc. Common Stock,$21.75,0.175,0.81%,765661347,United States,2021,24221,Health Care,Medical/Nursing Services,2
ASO,Academy Sports and Outdoors Inc. Common Stock,$25.48,0.92,3.75%,2291006299,United States,2020,671778,Consumer Services,Other Specialty Stores,26
BBI,Brickell Biotech Inc. Common Stock,$1.20,-0.0586,-4.65%,64293493,United States,,1516296,Health Care,Biotechnology: Biological Products (No Diagnostic Substances),1
BFI,BurgerFi International Inc. Common Stock,$15.50,-0.19,-1.21%,270348892,Mexico,2018,436985,Consumer Services,Restaurants,1
COST,Costco Wholesale Corporation Common Stock,$324.75,-3.71,-1.13%,143849710618,United States,,1569442,Consumer Services,Department/Specialty Retail Stores,1
EDIT,Editas Medicine Inc. Common Stock,$44.90,-0.79,-1.73%,3024589316,United States,2016,1110478,Health Care,Biotechnology: Biological Products (No Diagnostic Substances),4
FORD,Forward Industries Inc. Common Stock,$3.67,-0.11,-2.91%,36282908,United States,,88788,Consumer Non-Durables,Plastic Products,2
GAIN,Gladstone Investment Corporation Business Development Company,$12.23,0.11,0.91%,406097431,United States,2005,73114,,,2
HALO,Halozyme Therapeutics Inc. Common Stock,$44.15,-0.86,-1.91%,5972452177,United States,,390639,Health Care,Biotechnology: Biological Products (No Diagnostic Substances),1
HAS,Hasbro Inc. Common Stock,$94.54,-0.75,-0.79%,12985229434,United States,,164467,Consumer Non-Durables,Recreational Products/Toys,4
HUGE,FSD Pharma Inc. Class B Subordinate Voting Shares,$1.99,-0.085,-4.11%,61472977,Canada,,1359142,Health Care,Major Pharmaceuticals,3
III,Information Services Group Inc. Information Services Group Inc. Common Stock,$3.75,0.03,0.81%,180301748,United States,,19565,Consumer Services,Professional Services,3
JD,JD.com Inc. American Depositary Shares,$95.40,-0.98,-1.02%,147858265800,China,2014,4714194,Consumer Services,Other Specialty Stores,1
LIVE,Live Ventures Incorporated Common Stock,$24.46,-0.2872,-1.16%,38043935,United States,,2482,Consumer Services,Other Specialty Stores,1
LOVE,The Lovesac Company Common Stock,$60.48,-1.27,-2.06%,888036186,United States,2018,96014,Consumer Services,Other Specialty Stores,1
LULU,lululemon athletica inc. Common Stock,$307.40,-10.0721,-3.17%,40065641323,Canada,2007,710633,Consumer Non-Durables,Apparel,1
MASS,908 Devices Inc. Common Stock,$51.44,-3.67,-6.66%,1347767197,United States,2020,196143,Capital Goods,Industrial Machinery/Components,1
MIK,The Michaels Companies Inc. Common Stock,$22.17,4.15,23.03%,3273389415,United States,2014,35189280,Consumer Services,Recreational Products/Toys,2
MSFT,Microsoft Corporation Common Stock,$230.54,-3.33,-1.42%,1738782422924,United States,1986,12256994,Technology,Computer Software: Prepackaged Software,1
MVIS,MicroVision Inc. Common Stock,$16.08,-0.87,-5.13%,2466767033,United States,1996,3462047,Capital Goods,Industrial Machinery/Components,5
NEXT,NextDecade Corporation Common Stock,$2.08,0.015,0.73%,250073478,United States,2015,75184,Public Utilities,Oil & Gas Production,2
NVAX,Novavax Inc. Common Stock,$199.07,-6.9201,-3.36%,13389431919,United States,,1976493,Health Care,Biotechnology: Biological Products (No Diagnostic Substances),1
OCGN,Ocugen Inc. Common Stock,$12.03,2.4301,25.31%,2262073538,United States,2014,133423810,Health Care,Biotechnology: Biological Products (No Diagnostic Substances),3
OPEN,Opendoor Technologies Inc Common Stock,$29.82,-1.51,-4.82%,17213296383,United States,,4112975,Finance,Real Estate,2
OSTK,Overstock.com Inc. Common Stock,$65.82,-2.51,-3.67%,2820769612,United States,2002,1015994,Consumer Services,Catalog/Specialty Distribution,3
PAYA,Paya Holdings Inc. Class A Common Stock,$12.42,-0.04,-0.32%,1449382217,United States,,580861,Miscellaneous,Business Services,1
PLAY,Dave & Buster's Entertainment Inc. Common Stock,$42.18,1.46,3.59%,2009540783,United States,2014,465605,Consumer Services,Restaurants,1
PRPL,Purple Innovation Inc. Common Stock,$37.77,-0.13,-0.34%,2434087650,United States,2015,412708,Consumer Durables,Home Furnishings,3
PS,Pluralsight Inc. Class A Common Stock,$21.31,0.13,0.61%,3182900619,United States,2018,613429,Technology,Computer Software: Programming Data Processing,5
PT,Pintec Technology Holdings Limited American Depositary Shares,$1.45,0.0399,2.83%,62546157,China,2018,141318,Technology,Computer Software: Programming Data Processing,7
PYPL,PayPal Holdings Inc. Common Stock,$259.52,-9.67,-3.59%,303943533235,United States,,5046255,Miscellaneous,Business Services,1
REAL,The RealReal Inc. Common Stock,$24.76,-1.87,-7.02%,2211109201,United States,2019,1608082,Consumer Services,Other Specialty Stores,3
RIDE,Lordstown Motors Corp. Class A Common Stock,$19.30,-1.29,-6.27%,3183514214,United States,2019,2399771,Capital Goods,Auto Manufacturing,2
SAVA,Cassava Sciences Inc. Common Stock,$49.35,-2.205,-4.28%,1926197175,United States,,1056693,Health Care,Major Pharmaceuticals,1
SNDL,Sundial Growers Inc. Common Shares,$1.32,-0.06,-4.35%,2060985588,Canada,2019,96556277,Consumer Durables,Specialty Chemicals,7
SP,SP Plus Corporation Common Stock,$35.03,1.02,3.00%,810067139,United States,,35065,Consumer Services,Rental/Leasing Companies,4
TECH,Bio-Techne Corp Common Stock,$368.37,-7.07,-1.88%,14292326481,United States,,46250,Health Care,Biotechnology: Biological Products (No Diagnostic Substances),1
TELL,Tellurian Inc. Common Stock,$2.70,-0.09,-3.23%,1043783917,United States,,5449126,Energy,Oil & Gas Production,1
TLRY,Tilray Inc. Class 2 Common Stock,$25.94,0.04,0.15%,4455394427,Canada,2018,9911873,Consumer Durables,Specialty Chemicals,1
TSLA,Tesla Inc. Common Stock,$682.20,-4.24,-0.62%,654812060429,United States,2010,14030021,Capital Goods,Auto Manufacturing,12
UK,Ucommune International Ltd Ordinary Shares,$3.42,-0.01,-0.29%,275145303,United States,2019,114351,Miscellaneous,Business Services,3
VERY,Vericity Inc. Common Stock,$10.66,0.45,4.41%,158567500,United States,2019,642,Finance,Life Insurance,4
VG,Vonage Holdings Corp. Common Stock,$13.43,-0.1149,-0.85%,3345868613,United States,2006,881816,Public Utilities,Telecommunications Equipment,1
VMAC,Vistas Media Acquisition Company Inc. Class A Common Stock,$9.98,-0.17,-1.68%,138023400,United States,2020,1239580,Finance,Business Services,1
VMACU,Vistas Media Acquisition Company Inc. Unit,$10.83,-0.03,-0.28%,0,United States,2020,26419,Finance,Business Services,1
VS,Versus Systems Inc. Common Shares,$9.47,-0.145,-1.51%,116022547,Canada,,89831,Technology,EDP Services,2
VSAT,ViaSat Inc. Common Stock,$52.77,-0.025,-0.05%,3614683632,United States,1996,155826,Technology,Radio And Television Broadcasting And Communications Equipment,1
Z,Zillow Group Inc. Class C Capital Stock,$154.77,-7.09,-4.38%,37246890006,United States,,1672447,Miscellaneous,Business Services,1
ABC,AmerisourceBergen Corporation Common Stock,$104.37,0.115,0.11%,21364157345,United States,,181102,Health Care,Other Pharmaceuticals,3
AI,C3.ai Inc. Class A Common Stock,$96.91,-1.59,-1.61%,9288629874,,2020,2999207,Technology,Computer Software: Prepackaged Software,2
ALB,Albemarle Corporation Common Stock,$153.42,-0.304,-0.20%,17893282262,United States,,356158,Basic Industries,Major Chemicals,1
ALL,Allstate Corporation (The) Common Stock,$111.95,1.46,1.32%,33906680041,United States,,547164,Finance,Property-Casualty Insurers,8
AM,Antero Midstream Corporation Common Stock,$9.25,0.05,0.54%,4411389500,United States,2017,1514400,Public Utilities,Natural Gas Distribution,7
AMC,AMC Entertainment Holdings Inc. Class A Common Stock,$8.91,-0.02,-0.22%,3021143477,,2013,27752904,Consumer Services,Movies/Entertainment,63
AN,AutoNation Inc. Common Stock,$79.15,3,3.94%,6954516491,United States,,369937,Consumer Durables,Automotive Aftermarket,1
ANTM,Anthem Inc. Common Stock,$315.26,3.6,1.16%,77208967514,United States,,298492,Health Care,Medical Specialities,1
AT,Atlantic Power Corporation Ordinary Shares (Canada),$2.91,0.015,0.52%,259191560,United States,,305639,Energy,Electric Utilities: Central,8
ATH,Athene Holding Ltd. Class A Common Shares,$48.37,1.58,3.38%,9268366665,Bermuda,2016,399625,Finance,Life Insurance,4
BABA,Alibaba Group Holding Limited American Depositary Shares each representing eight Ordinary share,$238.70,4.28,1.83%,647473750000,China,2014,6605449,Miscellaneous,Business Services,1
BAC,Bank of America Corporation Common Stock,$36.79,1.26,3.55%,317614907863,United States,,27733568,Finance,Major Banks,1
BB,BlackBerry Limited Common Stock,$10.38,-0.12,-1.14%,5840141875,Canada,,6583290,Technology,Computer Software: Prepackaged Software,8
BE,Bloom Energy Corporation Class A Common Stock,$27.43,-1.2099,-4.23%,4558838183,,2018,1502140,Energy,Industrial Machinery/Components,3
BHP,BHP Group Limited American Depositary Shares (Each representing two Ordinary Shares),$81.25,1.15,1.44%,205440625000,Australia,,1558787,Basic Industries,Precious Metals,2
BIG,Big Lots Inc. Common Stock,$63.25,1.9,3.10%,2347208512,United States,,233354,Consumer Services,Department/Specialty Retail Stores,4
BY,Byline Bancorp Inc. Common Stock,$21.09,0.63,3.08%,814454759,United States,2017,23597,Finance,Major Banks,1
C,Citigroup Inc. Common Stock,$71.05,2.135,3.10%,148293503900,United States,,11757586,Finance,Major Banks,8
CC,Chemours Company (The) Common Stock,$25.19,0.77,3.15%,4160681017,United States,2015,1018835,Basic Industries,Major Chemicals,1
CCIV,Churchill Capital Corp IV Class A Common Stock,$26.06,-1.715,-6.18%,6741731250,United States,2020,18278993,Finance,Business Services,1
CEO,CNOOC Limited Common Stock,$115.50,1.72,1.51%,51567811565,Hong Kong,2001,50460,Energy,Oil & Gas Production,26
CI,Cigna Corporation Common Stock,$219.42,-0.09,-0.04%,76922288820,United States,,450667,Health Care,Medical Specialities,1
CLR,Continental Resources Inc. Common Stock,$26.59,1.72,6.92%,9710505482,United States,2007,734845,Energy,Oil & Gas Production,2
CNC,Centene Corporation Common Stock,$58.93,-0.21,-0.36%,34273277670,United States,,775921,Health Care,Medical Specialities,1
CO,Global Cord Blood Corporation Common Stock,$4.91,-0.015,-0.31%,596208023,Hong Kong,,491582,Health Care,Misc Health and Biotechnology Services,1
COO,The Cooper Companies Inc. Common Stock,$385.02,-2.9,-0.75%,18921076362,United States,,39950,Health Care,Ophthalmic Goods,4
CRM,Salesforce.com Inc Common Stock,$209.32,-4.15,-1.94%,192100184703,United States,2004,4553894,Technology,Computer Software: Prepackaged Software,2
CSV,Carriage Services Inc. Common Stock,$34.17,0.52,1.55%,614029023,United States,,27224,Consumer Services,Other Consumer Services,2
D,Dominion Energy Inc. Common Stock,$69.40,-0.4,-0.57%,55911980916,United States,,1518651,Public Utilities,Electric Utilities: Central,8
DASH,DoorDash Inc. Class A Common Stock,$151.99,-8.6,-5.36%,48280614627,,2020,1773399,Miscellaneous,Business Services,2
DD,DuPont de Nemours Inc. Common Stock,$74.96,1.98,2.71%,40335152489,,2017,2146809,Basic Industries,Major Chemicals,72
DDD,3D Systems Corporation Common Stock,$29.40,-1.77,-5.68%,3649772889,United States,,3756975,Technology,Computer Software: Prepackaged Software,2
DKS,Dick's Sporting Goods Inc Common Stock,$74.36,1.41,1.93%,6662557473,United States,2002,391797,Consumer Services,Other Specialty Stores,7
EOD,Wells Fargo Global Dividend Opportunity Fund,$5.31,0.0385,0.73%,232530455,United States,2007,94850,,,1
ET,Energy Transfer LP Common Units,$8.07,0.085,1.07%,21795148816,United States,,7758953,Public Utilities,Natural Gas Distribution,1
EXP,Eagle Materials Inc Common Stock,$126.28,-0.7,-0.55%,5303966342,United States,,218435,Capital Goods,Building Materials,1
F,Ford Motor Company Common Stock,$12.38,-0.17,-1.36%,49256244310,United States,,40980250,Capital Goods,Auto Manufacturing,12
FLY,Fly Leasing Limited,$10.66,0.57,5.65%,324928196,Ireland,2007,155175,,,1
FOR,Forestar Group Inc Common Stock,$22.35,0.4,1.82%,1074512971,United States,2017,24159,Finance,Real Estate,11
FSD,First Trust High Income Long Short Fund Common Shares of Beneficial Interest,$14.97,0.01,0.07%,501048041,,2010,15964,,,1
FSR,Fisker Inc. Class A Common Stock,$26.51,-1.74,-6.16%,7350334650,,2018,15272598,Capital Goods,Auto Manufacturing,1
FUBO,fuboTV Inc. Common Stock,$36.41,-5.485,-13.09%,3962622544,,2020,16374139,Consumer Services,Movies/Entertainment,1
G,Genpact Limited Common Stock,$41.38,-0.36,-0.86%,7822709452,Bermuda,2007,570249,Consumer Services,Professional Services,9
GE,General Electric Company Common Stock,$13.40,0.415,3.20%,117446583090,United States,,56108138,Energy,Consumer Electronics/Appliances,1
GL,Globe Life Inc. Common Stock,$97.58,1.52,1.58%,10212917862,United States,,67033,Finance,Life Insurance,3
GM,General Motors Company Common Stock,$53.92,-0.195,-0.36%,77686814690,United States,2010,9565206,Capital Goods,Auto Manufacturing,1
GME,GameStop Corporation Common Stock,$121.37,3.1933,2.70%,8465418700,United States,2002,9556487,Consumer Services,Electronics Distribution,283
GPS,Gap Inc. (The) Common Stock,$26.08,0.345,1.34%,9741439326,United States,,3230643,Consumer Services,Clothing/Shoe/Accessory Stores,2
GS,Goldman Sachs Group Inc. (The) Common Stock,$338.03,7.09,2.14%,116888867849,United States,1999,1590170,Finance,Investment Bankers/Brokers/Service,1
HE,Hawaiian Electric Industries Inc. Common Stock,$35.80,0.36,1.02%,3908684239,United States,,126232,Public Utilities,Electric Utilities: Central,1
HUM,Humana Inc. Common Stock,$386.28,-0.02,-0.01%,49776785934,United States,,164718,Health Care,Medical Specialities,1
INFO,IHS Markit Ltd. Common Shares,$89.90,-1.83,-2.00%,35653613788,Bermuda,1996,480156,Technology,Computer Software: Programming Data Processing,3
IT,Gartner Inc. Common Stock,$184.14,0.87,0.48%,16337185849,United States,1993,109312,Consumer Services,Other Consumer Services,7
JPM,JP Morgan Chase & Co. Common Stock,$153.87,3.86,2.57%,469535295307,United States,,6496388,Finance,Major Banks,2
JWN,Nordstrom Inc. Common Stock,$36.03,-1.55,-4.13%,5681337154,United States,,3524697,Consumer Services,Clothing/Shoe/Accessory Stores,1
K,Kellogg Company Common Stock,$57.45,0.22,0.38%,19759945367,United States,,812054,Consumer Non-Durables,Packaged Foods,20
KKR,KKR & Co. Inc. Common Stock,$46.67,0.22,0.47%,26910443491,United States,,860026,Finance,Investment Managers,1
LEG,Leggett & Platt Incorporated Common Stock,$46.04,1.12,2.49%,6122740587,United States,,275820,Consumer Durables,Home Furnishings,2
M,Macy's Inc Common Stock,$15.86,0.6301,4.14%,4924210685,United States,,7355106,Consumer Services,Department/Specialty Retail Stores,17
MAC,Macerich Company (The) Common Stock,$13.63,0.6301,4.85%,2109503739,United States,1994,3976982,Consumer Services,Real Estate Investment Trusts,1
MAN,ManpowerGroup Common Stock,$96.30,1.65,1.74%,5296004825,United States,,156861,Technology,Professional Services,1
MSC,Studio City International Holdings Limited American depositary shares each representing four  Class A ordinary shares,$15.19,-0.06,-0.39%,1681777787,,2018,123,Consumer Services,Hotels/Resorts,4
NCLH,Norwegian Cruise Line Holdings Ltd. Ordinary Shares,$33.46,2.28,7.31%,10564725346,United States,,17291762,Consumer Services,Marine Transportation,5
NEW,Puxin Limited American Depositary Shares each representing two Ordinary Shares,$6.89,-0.24,-3.37%,600347404,,2018,161202,Consumer Services,Other Consumer Services,7
NIO,NIO Inc. American depositary shares each  representing one Class A ordinary share,$43.13,-0.1599,-0.37%,67235781159,,2018,57180610,Capital Goods,Auto Manufacturing,4
NOK,Nokia Corporation Sponsored American Depositary Shares,$4.00,-0.04,-0.99%,22701844636,Finland,1994,21779993,Technology,Radio And Television Broadcasting And Communications Equipment,4
NOW,ServiceNow Inc. Common Stock,$533.95,-15.355,-2.80%,104706614500,United States,2012,404825,Technology,Computer Software: Prepackaged Software,3
NTB,Bank of N.T. Butterfield & Son Limited (The) Voting Ordinary Shares,$38.86,1.62,4.35%,1943000000,Bermuda,2016,95445,Finance,Commercial Banks,1
OI,O-I Glass Inc. Common Stock,$12.11,0.33,2.80%,1906604600,United States,,986213,Consumer Durables,Containers/Packaging,1
ONE,OneSmart International Education Group Limited ADS,$3.26,-0.045,-1.36%,525405636,,2018,215373,Consumer Services,Other Consumer Services,2
OUT,OUTFRONT Media Inc. Common Stock,$21.69,0.85,4.08%,3132668350,,2014,791336,Consumer Services,Real Estate Investment Trusts,1
PB,Prosperity Bancshares Inc. Common Stock,$75.08,1.66,2.26%,6977243638,United States,,202353,Finance,Major Banks,2
PEN,Penumbra Inc. Common Stock,$279.59,-3.565,-1.26%,10190507832,,2015,64446,Health Care,Medical/Dental Instruments,2
PLTR,Palantir Technologies Inc. Class A Common Stock,$24.52,0.035,0.14%,46037546347,,2020,36830360,Technology,Computer Software: Prepackaged Software,19
PM,Philip Morris International Inc Common Stock,$85.74,0.67,0.79%,133535922133,United States,,954731,Consumer Non-Durables,Farming/Seeds/Milling,5
POST,Post Holdings Inc. Common Stock,$98.22,0.13,0.13%,6322177618,United States,2012,78941,Consumer Non-Durables,Packaged Foods,1
PQG,PQ Group Holdings Inc. Common Stock,$17.01,0.33,1.98%,2319110111,United States,2017,28265,Basic Industries,Major Chemicals,1
PSA,Public Storage Common Stock,$232.40,-2.03,-0.87%,40649589470,United States,,289919,Consumer Services,Real Estate Investment Trusts,1
R,Ryder System Inc. Common Stock,$71.12,1.2,1.72%,3818998986,United States,,68523,Consumer Services,Rental/Leasing Companies,11
RCL,D/B/A Royal Caribbean Cruises Ltd. Common Stock,$97.04,3.42,3.65%,23050409792,United States,1993,3477802,Consumer Services,Marine Transportation,1
RH,RH Common Stock,$475.08,-12.2625,-2.52%,9692260836,United States,2012,116460,Consumer Services,Other Specialty Stores,5
RIG,Transocean Ltd (Switzerland) Common Stock,$4.02,0.2277,6.01%,2471328660,Switzerland,,16110286,Energy,Oil & Gas Production,2
RKT,Rocket Companies Inc. Class A Common Stock,$33.76,-7.84,-18.85%,66995101140,United States,2020,96900067,Finance,Finance: Consumer Services,243
RL,Ralph Lauren Corporation Common Stock,$124.45,2.805,2.31%,9099215057,United States,1997,440039,Consumer Non-Durables,Apparel,4
SA,Seabridge Gold Inc. Ordinary Shares (Canada),$17.23,-0.21,-1.20%,1277959783,Canada,,263185,Basic Industries,Precious Metals,1
SEE,Sealed Air Corporation Common Stock,$44.04,0.42,0.96%,6822642977,United States,,229593,Basic Industries,Major Chemicals,1
SI,Silvergate Capital Corporation Class A Common Stock,$147.45,4.13,2.88%,3364617020,United States,2019,468325,Finance,Major Banks,1
SIG,Signet Jewelers Limited Common Shares,$53.35,1.01,1.93%,2792275567,Bermuda,,140723,Consumer Services,Consumer Specialties,4
SKT,Tanger Factory Outlet Centers Inc. Common Stock,$17.66,1.415,8.71%,1651974837,United States,1993,7956559,Consumer Services,Real Estate Investment Trusts,20
SNAP,Snap Inc. Class A Common Stock,$62.41,-2.0963,-3.25%,94138836423,United States,2017,6474707,Technology,Computer Software: Programming Data Processing,1
SO,Southern Company (The) Common Stock,$57.35,-0.48,-0.83%,60596564001,United States,,1198176,Public Utilities,Electric Utilities: Central,3
SOS,SOS Limited American Depositary Shares,$7.86,1.06,15.59%,975119955,,2017,97682040,Finance,Finance: Consumer Services,1
SPCE,Virgin Galactic Holdings Inc. Common Stock,$34.30,0.53,1.57%,8099041504,,2017,9022271,Consumer Services,Transportation Services,1
SPOT,Spotify Technology S.A. Ordinary Shares,$313.68,-9.06,-2.81%,59665965847,Luxembourg,2018,681488,Consumer Services,Broadcasting,3
SQM,Sociedad Quimica y Minera S.A. Common Stock,$55.61,-0.46,-0.82%,14636358700,Chile,1993,419001,Basic Industries,Mining & Quarrying of Nonmetallic Minerals (No Fuels),2
T,AT&T Inc.,$28.48,0.2579,0.91%,203097647663,United States,,18686603,Public Utilities,Telecommunications Equipment,2
TD,Toronto Dominion Bank (The) Common Stock,$62.77,0.6,0.97%,113965706314,Canada,,853191,Finance,Commercial Banks,2
TGT,Target Corporation Common Stock,$173.33,-0.16,-0.09%,86799008530,United States,,3976206,Consumer Services,Department/Specialty Retail Stores,8
TV,Grupo Televisa S.A. Common Stock,$7.54,-0.065,-0.86%,4198894845,Mexico,1993,242495,Consumer Services,Broadcasting,2
TWLO,Twilio Inc. Class A Common Stock,$382.70,-11.92,-3.02%,65241867455,United States,2016,973596,Technology,Computer Software: Prepackaged Software,1
U,Unity Software Inc. Common Stock,$104.74,-3.365,-3.11%,28648897695,United States,2020,1883027,Technology,Computer Software: Prepackaged Software,1
UBS,UBS Group AG Registered Ordinary Shares,$15.94,-0.04,-0.25%,56612159584,Switzerland,2014,2458497,Finance,Major Banks,2
UNFI,United Natural Foods Inc. Common Stock,$28.28,0.44,1.58%,1587508914,United States,2019,201214,Consumer Non-Durables,Food Distributors,5
UNH,UnitedHealth Group Incorporated Common Stock (DE),$336.63,1.99,0.60%,319401515607,United States,,1066374,Health Care,Medical Specialities,1
USA,Liberty All-Star Equity Fund Common Stock,$7.45,-0.0099,-0.13%,1585774116,United States,1986,370656,,,2
UWMC,UWM Holdings Corporation Class A Common Stock,$9.68,0.55,6.02%,15538084243,United States,,66720381,Finance,Finance: Consumer Services,56
W,Wayfair Inc. Class A Common Stock,$302.36,-17.71,-5.53%,31318773837,United States,2014,798477,Consumer Services,Catalog/Specialty Distribution,3
WBS,Webster Financial Corporation Common Stock,$58.67,1.33,2.32%,5291975330,United States,,184459,Finance,Major Banks,1
WELL,Welltower Inc. Common Stock,$68.54,-0.08,-0.12%,28607433493,United States,,630651,Consumer Services,Real Estate Investment Trusts,1
X,United States Steel Corporation Common Stock,$19.15,0.575,3.10%,5145637164,United States,,9442236,Basic Industries,Steel/Iron Ore,4
Y,Alleghany Corporation Common Stock,$647.68,6.8099,1.06%,9062763334,United States,,18080,Finance,Property-Casualty Insurers,1
GSAT,Globalstar Inc. Common Stock,$1.62,-0.0711,-4.21%,2704219100,United States,2006,9059072,Consumer Services,Telecommunications Equipment,10
IMO,Imperial Oil Limited Common Stock,$23.02,0.89,4.02%,16898446900,Canada,,385790,Energy,Integrated oil Companies,4
SENS,Senseonics Holdings Inc. Common Stock,$3.40,0.105,3.19%,1263920415,United States,,20363576,Capital Goods,Industrial Machinery/Components,1
ZOM,Zomedica Corp. Common Shares,$2.13,0.01,0.47%,2017745181,United States,2017,31292096,Health Care,Major Pharmaceuticals,1